categoria,pergunta,opcao_a,opcao_b,opcao_c,opcao_d,resposta_correta,referencia_biblica
Heroes of the Faith,What type of wood did God instruct Noah to use for the ark?,Gopher wood,Acacia wood,Cedar,Olive wood,A,Genesis 6:14
Heroes of the Faith,"According to Genesis, how long was Noah’s ark?",100 cubits,250 cubits,300 cubits,500 cubits,C,Genesis 6:15
Heroes of the Faith,How many days and nights did rain fall during the flood?,12 days,40 days and nights,80 days,150 days,B,Genesis 7:12
Heroes of the Faith,For how long did the waters prevail over the earth?,40 days,70 days,120 days,150 days,D,Genesis 7:24
Heroes of the Faith,How old was Joseph when he was sold by his brothers?,15,17,23,30,B,Genesis 37:2
Heroes of the Faith,Who informed Pharaoh about Joseph’s ability to interpret dreams?,Potiphar,The baker,The cupbearer,Judah,C,Genesis 41:12
Heroes of the Faith,What were the names of Joseph’s sons born in Egypt?,Dan and Naphtali,Ephraim and Manasseh,Reuben and Simeon,Judah and Levi,B,Genesis 41:51–52
Heroes of the Faith,How long did Moses’s mother hide him before placing him in the Nile?,One month,Three months,Six months,One year,B,Exodus 2:2
Heroes of the Faith,Who was Moses’s father-in-law?,Laban,Jethro,Cyrus,Balaam,B,Exodus 3:1
Heroes of the Faith,How old was Moses when he confronted Pharaoh?,40,60,80,120,C,Exodus 7:7
Heroes of the Faith,What was the first plague God sent upon Egypt?,Frogs,Darkness,Water turned to blood,Lice,C,Exodus 7:20
Heroes of the Faith,Where was Moses buried by the Lord?,Canaan,Sinai,Valley of Moab,Jerusalem,C,Deuteronomy 34:6
Heroes of the Faith,How tall was Goliath according to Scripture?,Five cubits,Six cubits and a span,Seven cubits,Nine cubits,B,1 Samuel 17:4
Heroes of the Faith,In which cave did David take refuge while fleeing Saul?,Cave of Machpelah,Cave of Adullam,Cave of En-gedi,Cave of Makkedah,B,1 Samuel 22:1
Heroes of the Faith,Who was the leader of David’s three mighty warriors?,Benaiah,Abishai,Josheb-basshebeth,Jonathan,C,2 Samuel 23:8
Heroes of the Faith,Who laid hands on Paul so that he regained his sight?,Peter,Barnabas,Ananias,Luke,C,Acts 9:17
Heroes of the Faith,How did Paul escape from Damascus?,Through an earthquake,By night in a basket,Escorted by soldiers,Hidden in a cave,B,Acts 9:25
Heroes of the Faith,In which city was Paul stoned and left for dead?,Derbe,Lystra,Antioch,Philippi,B,Acts 14:19
Heroes of the Faith,Where did Paul preach about the ‘unknown god’?,Rome,Athens,Corinth,Ephesus,B,Acts 17:23
Heroes of the Faith,Which Athenian official believed Paul’s message?,Felix,Dionysius,Agrippa,Gamaliel,B,Acts 17:34
Heroes of the Faith,What trade did Paul practice to support himself?,Carpentry,Fishing,Tentmaking,Stonework,C,Acts 18:3
Heroes of the Faith,Until what time did Paul preach before Eutychus fell?,Late evening,Midnight,Early morning,Dawn,B,Acts 20:7
Heroes of the Faith,"According to Paul, what fulfills the law?",Faith,Hope,Love,Obedience,C,Romans 13:10
Children of Israel,How many people of Jacob’s family went to Egypt?,12,50,70,120,C,Genesis 46:27
Children of Israel,How were Israel’s journeys guided in the wilderness?,By angels,By Moses alone,By cloud and fire,By trumpets,C,Exodus 13:21
Children of Israel,How many days did Israel travel in the wilderness of Shur without water?,Three,Five,Seven,Ten,A,Exodus 15:22
Children of Israel,Which mountain symbolized the curse for disobedience?,Mount Zion,Mount Carmel,Mount Ebal,Mount Sinai,C,Deuteronomy 27:13
Children of Israel,Who carried Israel into Assyrian captivity?,Nebuchadnezzar,Sennacherib,Tiglath-pileser,Cyrus,C,2 Kings 15:29
Children of Israel,How long did the Babylonian captivity last?,40 years,49 years,70 years,100 years,C,Jeremiah 25:11
Kings,What additional names were given to Solomon?,Jedediah and Lemuel,Joab and Lemuel,Jedediah and Joab,Lemuel and Jeremiah,A,2 Samuel 12:25; Proverbs 31:1
Kings,Which king established golden calves for worship?,Ahab,Jeroboam,Jehu,Joram,B,1 Kings 12:28
Kings,Who is described as Israel’s most wicked king?,Manasseh,Ahab,Menahem,Abimelech,B,1 Kings 21:25
Kings,Which two kings disguised themselves and were killed in battle?,Ahab and Josiah,Ahab and Zedekiah,Josiah and Jehoiakim,Zedekiah and Jehu,A,1 Kings 22:34; 2 Chronicles 35:22
Kings,Which king was killed by his own sons?,Ahaz,Jotham,Sennacherib,Manasseh,C,2 Kings 19:36
Kings,Which king had his eyes put out after capture?,Rehoboam,Abijah,Zedekiah,Jehoram,C,2 Kings 25:7
Kings,Which king’s name means ‘peaceful’?,David,Solomon,Josiah,Manasseh,B,1 Chronicles 22:9
Kings,Who became king at seven years old?,Joash,Ahaz,Jehoshaphat,Hosea,A,2 Chronicles 23:11
Kings,Which king was struck with leprosy?,Uzziah,Amaziah,Jehoram,Athaliah,A,2 Chronicles 26:19
Kings,Which king practiced child sacrifice?,Ahab,Ahaz,Abimelech,Menahem,B,2 Chronicles 28:3
Prophets,What is considered the first prophecy in Scripture?,End of the age,Seed defeating the serpent,Coming of Christ,Temple destruction,B,Genesis 3:15
Prophets,Whose raised hands brought victory to Israel?,Elijah,Elisha,Moses,Joshua,C,Exodus 17:12
Prophets,Who foretold the division of Israel’s kingdom?,Isaiah,Ahijah,Nahum,Nehemiah,B,1 Kings 11:29
Prophets,Which prophet predicted Judah’s Babylonian captivity?,Jeremiah,Haggai,Zechariah,Nahum,A,Jeremiah 20:4
Prophets,Which prophet was taken captive to Babylon?,Daniel,Ezekiel,Malachi,Hosea,B,Ezekiel 1:1
Prophets,Who was lifted by a lock of hair in a vision?,Elijah,Daniel,Ezekiel,Joel,C,Ezekiel 8:3
Prophets,Which prophet was sent to Nineveh?,Nahum,Jonah,Joel,Amos,B,Jonah 1:1–2
Prophets,Whose prophecy announced Nineveh’s destruction?,Jonah,Isaiah,Daniel,Nahum,D,Nahum 3
Jesus and His Disciples,What was Jesus’s final command before ascending?,Love one another,Honor the Sabbath,Make disciples of all nations,Help the poor,C,Matthew 28:19
Jesus and His Disciples,To whom did Jesus say ‘I will make you fishers of men’?,Peter and Andrew,James and John,Matthew and Thomas,"Peter, Andrew, James",A,Mark 1:17
Jesus and His Disciples,What two promises did Jesus give before leaving?,Peace and wealth,Salvation and law,Comforter and return,Angels and protection,C,John 14
Jesus and His Disciples,Which apostle said he left everything to follow Jesus?,John,James,Peter,Matthew,C,John 13:37
Jesus and His Disciples,Who replaced Judas Iscariot?,Stephen,Matthias,Paul,Barnabas,B,Acts 1:23
Jesus and His Disciples,Which apostle was the first martyr?,Andrew,James,Peter,John,B,Acts 12:2
Who God Is,What was God’s first command to humanity?,Rule the earth,Fill the earth,Be fruitful and multiply,Love your neighbor,C,Genesis 1:28
Who God Is,What does ‘Jehovah Shammah’ mean?,The Lord is here,The Lord is near,The Lord is there,The Lord is peace,C,Ezekiel 48:35
Who God Is,How did God show His presence at the temple dedication?,Thunder,Rain,Fire from heaven,Earthquake,C,2 Chronicles 7:1
Who God Is,On which occasions did Jesus weep?,"Lazarus, Jerusalem, Gethsemane",Bethlehem twice,Nazareth and Jerusalem,Only at Lazarus’s tomb,A,John 11; Luke 19; Hebrews 5
Who God Is,Who is called the Light of the World?,Moses,John,Jesus,Abraham,C,John 8:12
Fruit of Faith,When was the Sabbath instituted?,After the flood,At Sinai,After creation,In Eden by Adam,C,Genesis 2:2–3
Fruit of Faith,Who first confessed to God in Scripture?,Adam,Abram,Jacob,Moses,C,Genesis 32:9
Fruit of Faith,Who killed 600 Philistines with an ox goad?,Samson,Shamgar,Jonathan,David,B,Judges 3:31
Fruit of Faith,Who was the first person raised from the dead in Scripture?,Lazarus,Jesus,Widow’s son,Zarephath’s son,D,1 Kings 17:21
Fruit of Faith,Who was sustained 40 days by angelic food?,Moses,Elijah,Manoah,Joseph,B,1 Kings 19:8
Fruit of Faith,What is the whole duty of humanity?,Multiply,Fear God and obey,Care for earth,Love enemies,B,Ecclesiastes 12:13
Punishments,Who died for offering unauthorized fire?,Korah and Dathan,Nadab and Abihu,Uzzah and Obed,Cain and Abel,B,Leviticus 10:1–2
Punishments,Who touched the ark and was struck dead?,Obed,Uzzah,Caleb,Naaman,B,1 Chronicles 13:9
Wars and Conflict,How many Philistines did Samson kill with a jawbone?,300,600,"1,000","2,000",C,Judges 15:15
Wars and Conflict,Which warrior’s hand clung to his sword?,Eleazar,David,Jabez,Elijah,A,2 Samuel 23:10
Promise and Privilege,To whom did God promise descendants like the stars?,Isaac,Jacob,Abraham,Joseph,C,Genesis 15:5
Promise and Privilege,Who was promised to become a great nation besides Isaac?,Esau,Ishmael,Caleb,Zelophehad,B,Genesis 17:20
Fun Facts,What guarded the tree of life?,A wall,Fire,Cherubim and sword,Leviathan,C,Genesis 3:24
Fun Facts,What was the first city named in the Bible?,Babylon,Nineveh,Enoch,Sodom,C,Genesis 4:17
Fun Facts,Who was the first European convert?,Phoebe,Priscilla,Lydia,Salome,C,Acts 16:14
